[
    {
        "file": "game:itemtypes/tool/scythe",
        "path": "/durabilitybytype/scythe-gold",
        "op": "replace",
        "value": 150
    },
    {
        "file": "game:itemtypes/tool/scythe",
        "path": "/durabilitybytype/scythe-silver",
        "op": "replace",
        "value": 1870
    },
    {
        "file": "game:itemtypes/tool/scythe",
        "path": "/durabilitybytype/scythe-copper",
        "op": "replace",
        "value": 4500
    },
    {
        "file": "game:itemtypes/tool/scythe",
        "path": "/durabilitybytype/scythe-blackbronze",
        "op": "replace",
        "value": 9000
    },
    {
        "file": "game:itemtypes/tool/scythe",
        "path": "/durabilitybytype/scythe-bismuthbronze",
        "op": "replace",
        "value": 7500
    },
    {
        "file": "game:itemtypes/tool/scythe",
        "path": "/durabilitybytype/scythe-tinbronze",
        "op": "replace",
        "value": 6000
    },
    {
        "file": "game:itemtypes/tool/scythe",
        "path": "/durabilitybytype/scythe-iron",
        "op": "replace",
        "value": 13500
    },
    {
        "file": "game:itemtypes/tool/scythe",
        "path": "/durabilitybytype/scythe-meteoriciron",
        "op": "replace",
        "value": 18000
    },
    {
        "file": "game:itemtypes/tool/scythe",
        "path": "/durabilitybytype/scythe-steel",
        "op": "replace",
        "value": 34000
    }
]