[
    {
        "file": "game:itemtypes/tool/shovel",
        "path": "/durabilitybytype/shovel-chert",
        "op": "replace",
        "value": 600
    },
    {
        "file": "game:itemtypes/tool/shovel",
        "path": "/durabilitybytype/shovel-granite",
        "op": "replace",
        "value": 600
    },
    {
        "file": "game:itemtypes/tool/shovel",
        "path": "/durabilitybytype/shovel-peridotite",
        "op": "replace",
        "value": 600
    },
    {
        "file": "game:itemtypes/tool/shovel",
        "path": "/durabilitybytype/shovel-andesite",
        "op": "replace",
        "value": 600
    },
    {
        "file": "game:itemtypes/tool/shovel",
        "path": "/durabilitybytype/shovel-basalt",
        "op": "replace",
        "value": 600
    },
    {
        "file": "game:itemtypes/tool/shovel",
        "path": "/durabilitybytype/shovel-flint",
        "op": "replace",
        "value": 900
    },
    {
        "file": "game:itemtypes/tool/shovel",
        "path": "/durabilitybytype/shovel-obsidian",
        "op": "replace",
        "value": 1000
    },

    {
        "file": "game:itemtypes/tool/shovel",
        "path": "/durabilitybytype/shovel-gold",
        "op": "replace",
        "value": 1500
    },
    {
        "file": "game:itemtypes/tool/shovel",
        "path": "/durabilitybytype/shovel-silver",
        "op": "replace",
        "value": 2500
    },
    {
        "file": "game:itemtypes/tool/shovel",
        "path": "/durabilitybytype/shovel-copper",
        "op": "replace",
        "value": 4000
    },
    {
        "file": "game:itemtypes/tool/shovel",
        "path": "/durabilitybytype/shovel-tinbronze",
        "op": "replace",
        "value": 6000
    },
    {
        "file": "game:itemtypes/tool/shovel",
        "path": "/durabilitybytype/shovel-bismuthbronze",
        "op": "replace",
        "value": 6500
    },
    {
        "file": "game:itemtypes/tool/shovel",
        "path": "/durabilitybytype/shovel-blackbronze",
        "op": "replace",
        "value": 7000
    },
    {
        "file": "game:itemtypes/tool/shovel",
        "path": "/durabilitybytype/shovel-iron",
        "op": "replace",
        "value": 12000
    },
    {
        "file": "game:itemtypes/tool/shovel",
        "path": "/durabilitybytype/shovel-meteoriciron",
        "op": "replace",
        "value": 14000
    },
    {
        "file": "game:itemtypes/tool/shovel",
        "path": "/durabilitybytype/shovel-steel",
        "op": "replace",
        "value": 30000
    }
]