[
    {
        "file": "game:itemtypes/tool/chisel",
        "path": "/durabilitybytype/chisel-copper",
        "op": "replace",
        "value": 6000
    },
    {
        "file": "igame:temtypes/tool/chisel",
        "path": "/durabilitybytype/chisel-tinbronze",
        "op": "replace",
        "value": 10000
    },
    {
        "file": "igame:temtypes/tool/chisel",
        "path": "/durabilitybytype/chisel-bismuthbronze",
        "op": "replace",
        "value": 12000
    },
    {
        "file": "igame:temtypes/tool/chisel",
        "path": "/durabilitybytype/chisel-blackbronze",
        "op": "replace",
        "value": 14000
    },
    {
        "file": "igame:temtypes/tool/chisel",
        "path": "/durabilitybytype/chisel-iron",
        "op": "replace",
        "value": 20000
    },
    {
        "file": "igame:temtypes/tool/chisel",
        "path": "/durabilitybytype/chisel-steel",
        "op": "replace",
        "value": 30000
    }
]